1,first,first_task-Brain-real-image-9-3_tiles_per_image.png,real,Brain,12rh1A9ovjssV9043B27b0jyQtHkCSqc0,412140,https://drive.google.com/file/d/12rh1A9ovjssV9043B27b0jyQtHkCSqc0/view?usp=drivesdk
4,first,first_task-Kidney-fake-image-3-3_tiles_per_image.png,fake,Kidney,1BK3Dt5l0sCLSt3ww2sblG_QDRN2p1wCI,469785,https://drive.google.com/file/d/1BK3Dt5l0sCLSt3ww2sblG_QDRN2p1wCI/view?usp=drivesdk
6,first,first_task-Kidney-real-image-18-3_tiles_per_image.png,real,Kidney,1OAj_xyv0geWGuTIUq0l7PmjFNDKb5h4g,467805,https://drive.google.com/file/d/1OAj_xyv0geWGuTIUq0l7PmjFNDKb5h4g/view?usp=drivesdk
8,first,first_task-Lung-real-image-24-3_tiles_per_image.png,real,Lung,1YXh3ffKEk_ItUHO07PFiUoIsNvsRAT1g,457771,https://drive.google.com/file/d/1YXh3ffKEk_ItUHO07PFiUoIsNvsRAT1g/view?usp=drivesdk
12,first,first_task-Lung-real-image-3-3_tiles_per_image.png,real,Lung,1qHmT7cWbDja7_jh9KxST-kYXhSwFV6ee,486576,https://drive.google.com/file/d/1qHmT7cWbDja7_jh9KxST-kYXhSwFV6ee/view?usp=drivesdk
13,first,first_task-Brain-fake-image-6-3_tiles_per_image.png,fake,Brain,1ILfS9oeb6zzgiMGEuHKK-HI7f_0fK6Z9,388398,https://drive.google.com/file/d/1ILfS9oeb6zzgiMGEuHKK-HI7f_0fK6Z9/view?usp=drivesdk
16,first,first_task-Uterus-fake-image-9-3_tiles_per_image.png,fake,Uterus,1nQwEgCYKvFW8GFVIKcWmfHgQNNXMobLJ,492785,https://drive.google.com/file/d/1nQwEgCYKvFW8GFVIKcWmfHgQNNXMobLJ/view?usp=drivesdk
17,first,first_task-Brain-real-image-3-3_tiles_per_image.png,real,Brain,1og1kwev5U22uDws9r2K_bd5BUXwaVV5S,391458,https://drive.google.com/file/d/1og1kwev5U22uDws9r2K_bd5BUXwaVV5S/view?usp=drivesdk
22,first,first_task-Pancreas-fake-image-30-3_tiles_per_image.png,fake,Pancreas,1YrmTol7m05bVT8dWtD2GF4Me6lRF94K9,456735,https://drive.google.com/file/d/1YrmTol7m05bVT8dWtD2GF4Me6lRF94K9/view?usp=drivesdk
24,first,first_task-Uterus-real-image-18-3_tiles_per_image.png,real,Uterus,1lk80llCJKE4cCWaYUNU5_Dqcg53qK65t,479595,https://drive.google.com/file/d/1lk80llCJKE4cCWaYUNU5_Dqcg53qK65t/view?usp=drivesdk
25,first,first_task-Brain-fake-image-27-3_tiles_per_image.png,fake,Brain,1226q2jfdFfmKL6CSkc_zSDjkwU_xBwks,410539,https://drive.google.com/file/d/1226q2jfdFfmKL6CSkc_zSDjkwU_xBwks/view?usp=drivesdk
26,first,first_task-Brain-real-image-21-3_tiles_per_image.png,real,Brain,1AWXEfYJF6zu2cZY6yF24D4Jl5roR7u5_,423425,https://drive.google.com/file/d/1AWXEfYJF6zu2cZY6yF24D4Jl5roR7u5_/view?usp=drivesdk
29,first,first_task-Kidney-fake-image-24-3_tiles_per_image.png,fake,Kidney,1pnua-XzpHs6jsydMZmslfirhR_0xYW0Y,473943,https://drive.google.com/file/d/1pnua-XzpHs6jsydMZmslfirhR_0xYW0Y/view?usp=drivesdk
30,first,first_task-Brain-real-image-6-3_tiles_per_image.png,real,Brain,1DK9cRDmc8z8Y_fdgBEBpF03WP01xErdz,411593,https://drive.google.com/file/d/1DK9cRDmc8z8Y_fdgBEBpF03WP01xErdz/view?usp=drivesdk
31,first,first_task-Uterus-real-image-9-3_tiles_per_image.png,real,Uterus,1JohwmA6PZVGGFo1FJqfxtypvM2mlBg_2,468894,https://drive.google.com/file/d/1JohwmA6PZVGGFo1FJqfxtypvM2mlBg_2/view?usp=drivesdk
33,first,first_task-Uterus-fake-image-18-3_tiles_per_image.png,fake,Uterus,1oVrbH47BXU8ZX30ThmTrqWAzUCH0CgRf,442556,https://drive.google.com/file/d/1oVrbH47BXU8ZX30ThmTrqWAzUCH0CgRf/view?usp=drivesdk
34,first,first_task-Uterus-fake-image-15-3_tiles_per_image.png,fake,Uterus,1rAowzbkEQncEvV7GQ-q-L7Gtt1FUKFRA,470038,https://drive.google.com/file/d/1rAowzbkEQncEvV7GQ-q-L7Gtt1FUKFRA/view?usp=drivesdk
35,first,first_task-Pancreas-fake-image-21-3_tiles_per_image.png,fake,Pancreas,1x2Ar9gj0zMXt-41djJn0HJ5Mq-a3fJwW,470626,https://drive.google.com/file/d/1x2Ar9gj0zMXt-41djJn0HJ5Mq-a3fJwW/view?usp=drivesdk
36,first,first_task-Pancreas-fake-image-6-3_tiles_per_image.png,fake,Pancreas,1GMyB2vPfismlD_l5VzaBpOSxq1sBFC9e,440339,https://drive.google.com/file/d/1GMyB2vPfismlD_l5VzaBpOSxq1sBFC9e/view?usp=drivesdk
39,first,first_task-Brain-real-image-15-3_tiles_per_image.png,real,Brain,1TcWjkSprslS_73nR6nWC3LSHbX4SLjUu,431269,https://drive.google.com/file/d/1TcWjkSprslS_73nR6nWC3LSHbX4SLjUu/view?usp=drivesdk
40,first,first_task-Kidney-real-image-24-3_tiles_per_image.png,real,Kidney,1UXIg8b-7x7658GMJCAwDt1srCVNpPnFJ,472940,https://drive.google.com/file/d/1UXIg8b-7x7658GMJCAwDt1srCVNpPnFJ/view?usp=drivesdk
41,first,first_task-Pancreas-fake-image-3-3_tiles_per_image.png,fake,Pancreas,1xiVF8M0PzyXN7jtLRdzRypncUPc14W0y,481103,https://drive.google.com/file/d/1xiVF8M0PzyXN7jtLRdzRypncUPc14W0y/view?usp=drivesdk
42,first,first_task-Brain-real-image-12-3_tiles_per_image.png,real,Brain,1Slsm9cWlr1tAQ6fr_ArNuMlIObFDVBfO,348744,https://drive.google.com/file/d/1Slsm9cWlr1tAQ6fr_ArNuMlIObFDVBfO/view?usp=drivesdk
43,first,first_task-Pancreas-real-image-21-3_tiles_per_image.png,real,Pancreas,1Ucd-KjVLs-XD2V9r_X4x2gZAUFCMRaMC,490863,https://drive.google.com/file/d/1Ucd-KjVLs-XD2V9r_X4x2gZAUFCMRaMC/view?usp=drivesdk
46,first,first_task-Uterus-real-image-27-3_tiles_per_image.png,real,Uterus,1zA4MehvitBLo9VnO13DzF4_68litTM3y,447105,https://drive.google.com/file/d/1zA4MehvitBLo9VnO13DzF4_68litTM3y/view?usp=drivesdk
48,first,first_task-Lung-fake-image-24-3_tiles_per_image.png,fake,Lung,1KdZixqBVJ27TnuNzCnWA79Hc2sgd-aE7,338563,https://drive.google.com/file/d/1KdZixqBVJ27TnuNzCnWA79Hc2sgd-aE7/view?usp=drivesdk
49,first,first_task-Brain-fake-image-9-3_tiles_per_image.png,fake,Brain,1xT78KLSyHoJ8w18ofqgXmTQKmTxbBrTg,384691,https://drive.google.com/file/d/1xT78KLSyHoJ8w18ofqgXmTQKmTxbBrTg/view?usp=drivesdk
51,first,first_task-Lung-fake-image-30-3_tiles_per_image.png,fake,Lung,1zjN_n9Bj4dbdeZAnOxTapEs64M_NYc1r,436483,https://drive.google.com/file/d/1zjN_n9Bj4dbdeZAnOxTapEs64M_NYc1r/view?usp=drivesdk
52,first,first_task-Kidney-real-image-21-3_tiles_per_image.png,real,Kidney,146fqyAV6Xmw4FfocXwYqwOj3oKGnwmJF,443614,https://drive.google.com/file/d/146fqyAV6Xmw4FfocXwYqwOj3oKGnwmJF/view?usp=drivesdk
54,first,first_task-Brain-real-image-30-3_tiles_per_image.png,real,Brain,1h9KiHdcEikS22s_gEtZlbcMssgXRF227,437378,https://drive.google.com/file/d/1h9KiHdcEikS22s_gEtZlbcMssgXRF227/view?usp=drivesdk
55,first,first_task-Pancreas-real-image-30-3_tiles_per_image.png,real,Pancreas,1JR5E2ATfSrQVuwCm-2o72-Dh5DIqCfg0,500132,https://drive.google.com/file/d/1JR5E2ATfSrQVuwCm-2o72-Dh5DIqCfg0/view?usp=drivesdk
58,first,first_task-Lung-fake-image-18-3_tiles_per_image.png,fake,Lung,1WBHCERV1QP4m4gugrN05-UUYu8uWiH-4,434999,https://drive.google.com/file/d/1WBHCERV1QP4m4gugrN05-UUYu8uWiH-4/view?usp=drivesdk
59,first,first_task-Lung-fake-image-6-3_tiles_per_image.png,fake,Lung,1mnyh5sM0bgf8BPAhvG1kJEwDADE5iZea,388492,https://drive.google.com/file/d/1mnyh5sM0bgf8BPAhvG1kJEwDADE5iZea/view?usp=drivesdk
60,first,first_task-Kidney-real-image-3-3_tiles_per_image.png,real,Kidney,16uBit0R0c82j0AlXiDnt1_A2Y7x55X-i,400091,https://drive.google.com/file/d/16uBit0R0c82j0AlXiDnt1_A2Y7x55X-i/view?usp=drivesdk
62,first,first_task-Kidney-fake-image-6-3_tiles_per_image.png,fake,Kidney,1NFRlxX8im-2Qy5xS13pgvtAGtGGsV4aj,429857,https://drive.google.com/file/d/1NFRlxX8im-2Qy5xS13pgvtAGtGGsV4aj/view?usp=drivesdk
63,first,first_task-Pancreas-fake-image-12-3_tiles_per_image.png,fake,Pancreas,1WYlC9ZNE19_SUzTEHeZkN7uAF9vRm6u5,477021,https://drive.google.com/file/d/1WYlC9ZNE19_SUzTEHeZkN7uAF9vRm6u5/view?usp=drivesdk
64,first,first_task-Lung-real-image-30-3_tiles_per_image.png,real,Lung,12sHEzNjureTSEF_-NfX6a10JS5JPlB3c,460935,https://drive.google.com/file/d/12sHEzNjureTSEF_-NfX6a10JS5JPlB3c/view?usp=drivesdk
65,first,first_task-Lung-fake-image-15-3_tiles_per_image.png,fake,Lung,1HtbVKwEzctH1L9pD3Zij25Z3hlyJjdHY,488139,https://drive.google.com/file/d/1HtbVKwEzctH1L9pD3Zij25Z3hlyJjdHY/view?usp=drivesdk
66,first,first_task-Kidney-fake-image-15-3_tiles_per_image.png,fake,Kidney,1NVOB9XloLwSr1VJhQBN6E_9qIg-nZdbI,442797,https://drive.google.com/file/d/1NVOB9XloLwSr1VJhQBN6E_9qIg-nZdbI/view?usp=drivesdk
77,first,first_task-Brain-real-image-24-3_tiles_per_image.png,real,Brain,1dh7NK6EEnGE7e18ymZO6EORxDmmTnsPK,450289,https://drive.google.com/file/d/1dh7NK6EEnGE7e18ymZO6EORxDmmTnsPK/view?usp=drivesdk
78,first,first_task-Brain-real-image-27-3_tiles_per_image.png,real,Brain,14fDmmyJJoijnQAziuOan8Nc6DrAMVnNV,414575,https://drive.google.com/file/d/14fDmmyJJoijnQAziuOan8Nc6DrAMVnNV/view?usp=drivesdk
81,first,first_task-Uterus-fake-image-21-3_tiles_per_image.png,fake,Uterus,1djrCZSLkpNBHGalgPmVpOKgC20gqDiz7,458752,https://drive.google.com/file/d/1djrCZSLkpNBHGalgPmVpOKgC20gqDiz7/view?usp=drivesdk
82,first,first_task-Lung-fake-image-21-3_tiles_per_image.png,fake,Lung,1fawqLkAW1dzxYxU-xB-7w0AcpTs42k9f,423374,https://drive.google.com/file/d/1fawqLkAW1dzxYxU-xB-7w0AcpTs42k9f/view?usp=drivesdk
84,first,first_task-Uterus-real-image-21-3_tiles_per_image.png,real,Uterus,1A4hH1hZUsm7khEqDXTVLNNGmw0aCNof_,442618,https://drive.google.com/file/d/1A4hH1hZUsm7khEqDXTVLNNGmw0aCNof_/view?usp=drivesdk
85,first,first_task-Kidney-fake-image-27-3_tiles_per_image.png,fake,Kidney,1Dw7d0WoIabav15GIMXr50n9Mi1MEisU5,462811,https://drive.google.com/file/d/1Dw7d0WoIabav15GIMXr50n9Mi1MEisU5/view?usp=drivesdk
90,first,first_task-Kidney-real-image-30-3_tiles_per_image.png,real,Kidney,13O7I4_R_IVPiW904ermO6H_ZvDl-5jTd,475257,https://drive.google.com/file/d/13O7I4_R_IVPiW904ermO6H_ZvDl-5jTd/view?usp=drivesdk
93,first,first_task-Uterus-fake-image-12-3_tiles_per_image.png,fake,Uterus,1GJr_jEuy-NEnb0GGW_-jIkyjHtfTpX9m,430525,https://drive.google.com/file/d/1GJr_jEuy-NEnb0GGW_-jIkyjHtfTpX9m/view?usp=drivesdk
94,first,first_task-Uterus-real-image-30-3_tiles_per_image.png,real,Uterus,1_idzJRfLfz27U3q4O9J8EFIov0sUbDw8,460838,https://drive.google.com/file/d/1_idzJRfLfz27U3q4O9J8EFIov0sUbDw8/view?usp=drivesdk
96,first,first_task-Lung-fake-image-27-3_tiles_per_image.png,fake,Lung,1wf8k5boHsLI3878kFoYq6FITC8GQVFA4,465894,https://drive.google.com/file/d/1wf8k5boHsLI3878kFoYq6FITC8GQVFA4/view?usp=drivesdk
97,first,first_task-Pancreas-real-image-27-3_tiles_per_image.png,real,Pancreas,1zQehSY89YVL1-cZlabIgnO2Ay2Qn5JSz,489849,https://drive.google.com/file/d/1zQehSY89YVL1-cZlabIgnO2Ay2Qn5JSz/view?usp=drivesdk
98,first,first_task-Kidney-fake-image-9-3_tiles_per_image.png,fake,Kidney,1GzBKBAVuOKIWI0e2KeEm5gkjR9OFS9eR,470016,https://drive.google.com/file/d/1GzBKBAVuOKIWI0e2KeEm5gkjR9OFS9eR/view?usp=drivesdk
99,first,first_task-Brain-fake-image-12-3_tiles_per_image.png,fake,Brain,1NpiS6C3YqwkwRAvQb84sE5qJAmRME-im,406522,https://drive.google.com/file/d/1NpiS6C3YqwkwRAvQb84sE5qJAmRME-im/view?usp=drivesdk
102,first,first_task-Pancreas-real-image-24-3_tiles_per_image.png,real,Pancreas,103xddkRQwrmnW_Prd-n1ZAl-mT5W4VD9,484813,https://drive.google.com/file/d/103xddkRQwrmnW_Prd-n1ZAl-mT5W4VD9/view?usp=drivesdk
106,first,first_task-Kidney-real-image-9-3_tiles_per_image.png,real,Kidney,1D0zBUbqZbzD36WEKXAoOKEI-m1m7YPgZ,437022,https://drive.google.com/file/d/1D0zBUbqZbzD36WEKXAoOKEI-m1m7YPgZ/view?usp=drivesdk
108,first,first_task-Brain-fake-image-30-3_tiles_per_image.png,fake,Brain,1FLu5GWShKuYEbr_vRS4kLA8sASSNbPSP,391138,https://drive.google.com/file/d/1FLu5GWShKuYEbr_vRS4kLA8sASSNbPSP/view?usp=drivesdk
111,first,first_task-Lung-real-image-15-3_tiles_per_image.png,real,Lung,1Mp6jnCOgCotnqMoBFtwZ6aHgH3HpuEPM,419023,https://drive.google.com/file/d/1Mp6jnCOgCotnqMoBFtwZ6aHgH3HpuEPM/view?usp=drivesdk
112,first,first_task-Pancreas-fake-image-9-3_tiles_per_image.png,fake,Pancreas,1Mt1Sz3Zda26o9GGY_7RDHqDkCdguLQp8,474653,https://drive.google.com/file/d/1Mt1Sz3Zda26o9GGY_7RDHqDkCdguLQp8/view?usp=drivesdk
113,first,first_task-Uterus-fake-image-24-3_tiles_per_image.png,fake,Uterus,1OWx9b20Zw864V1rF-gIlXQ0Ttg_PwPfD,443838,https://drive.google.com/file/d/1OWx9b20Zw864V1rF-gIlXQ0Ttg_PwPfD/view?usp=drivesdk
114,first,first_task-Lung-real-image-18-3_tiles_per_image.png,real,Lung,1SKVP0Kg_ChFrmWk4mdXrOUbMG_w_wwZ7,441425,https://drive.google.com/file/d/1SKVP0Kg_ChFrmWk4mdXrOUbMG_w_wwZ7/view?usp=drivesdk
115,first,first_task-Kidney-real-image-12-3_tiles_per_image.png,real,Kidney,1Sg4rKn3LFEWzjrjPPHaZLMZdreqT7cJj,469265,https://drive.google.com/file/d/1Sg4rKn3LFEWzjrjPPHaZLMZdreqT7cJj/view?usp=drivesdk
117,first,first_task-Uterus-fake-image-30-3_tiles_per_image.png,fake,Uterus,1fBUGCUGtAVCvTCvlbYkCgxZiVC0rCEcW,454393,https://drive.google.com/file/d/1fBUGCUGtAVCvTCvlbYkCgxZiVC0rCEcW/view?usp=drivesdk
121,first,first_task-Brain-fake-image-21-3_tiles_per_image.png,fake,Brain,1jBLCTo60YcBsU4ywB4tc0UinNoKFwdVH,383642,https://drive.google.com/file/d/1jBLCTo60YcBsU4ywB4tc0UinNoKFwdVH/view?usp=drivesdk
122,first,first_task-Lung-real-image-21-3_tiles_per_image.png,real,Lung,1k0XnwOwoxyQuf3hJ_QmwgIHfoKxJ2nVw,449670,https://drive.google.com/file/d/1k0XnwOwoxyQuf3hJ_QmwgIHfoKxJ2nVw/view?usp=drivesdk
124,first,first_task-Kidney-fake-image-21-3_tiles_per_image.png,fake,Kidney,1mMR_t2J6Y6UkIVj3cOG7M3GEl5Cwv1HC,482531,https://drive.google.com/file/d/1mMR_t2J6Y6UkIVj3cOG7M3GEl5Cwv1HC/view?usp=drivesdk
128,first,first_task-Lung-real-image-6-3_tiles_per_image.png,real,Lung,1yg5CHUgFDuwtseyV3gJolpGAzdCtThjd,400598,https://drive.google.com/file/d/1yg5CHUgFDuwtseyV3gJolpGAzdCtThjd/view?usp=drivesdk
129,first,first_task-Uterus-real-image-3-3_tiles_per_image.png,real,Uterus,11ZV1YWVld4GTtlB-7MJGnpr74OZuuLXA,440040,https://drive.google.com/file/d/11ZV1YWVld4GTtlB-7MJGnpr74OZuuLXA/view?usp=drivesdk
130,first,first_task-Pancreas-real-image-18-3_tiles_per_image.png,real,Pancreas,14mQUKb4VJiULzwlIGjBAlGhi8FtwjM9f,452345,https://drive.google.com/file/d/14mQUKb4VJiULzwlIGjBAlGhi8FtwjM9f/view?usp=drivesdk
131,first,first_task-Kidney-fake-image-12-3_tiles_per_image.png,fake,Kidney,156ZHhhelCIU6tJ3yIe4S8JLItbuC5IiU,452555,https://drive.google.com/file/d/156ZHhhelCIU6tJ3yIe4S8JLItbuC5IiU/view?usp=drivesdk
132,first,first_task-Lung-real-image-9-3_tiles_per_image.png,real,Lung,17LQjvx7AQRJtxLRF6YOoPWld27IRGuVB,458496,https://drive.google.com/file/d/17LQjvx7AQRJtxLRF6YOoPWld27IRGuVB/view?usp=drivesdk
135,first,first_task-Pancreas-real-image-15-3_tiles_per_image.png,real,Pancreas,1K79n7QpB0NdtgIMpKVC7OMdpLF7iPiF0,492133,https://drive.google.com/file/d/1K79n7QpB0NdtgIMpKVC7OMdpLF7iPiF0/view?usp=drivesdk
140,first,first_task-Uterus-real-image-24-3_tiles_per_image.png,real,Uterus,1Rc_6PEY3Vl0zg1pUWcs6GZBsYkE4VGbR,472702,https://drive.google.com/file/d/1Rc_6PEY3Vl0zg1pUWcs6GZBsYkE4VGbR/view?usp=drivesdk
141,first,first_task-Pancreas-fake-image-15-3_tiles_per_image.png,fake,Pancreas,1U38-jk9L-ClUAQxH9A8zHgjz8GVcOT_3,504436,https://drive.google.com/file/d/1U38-jk9L-ClUAQxH9A8zHgjz8GVcOT_3/view?usp=drivesdk
142,first,first_task-Uterus-real-image-15-3_tiles_per_image.png,real,Uterus,1U44sTmia1AvzsXSQO952c3XpMa3yCDph,463959,https://drive.google.com/file/d/1U44sTmia1AvzsXSQO952c3XpMa3yCDph/view?usp=drivesdk
143,first,first_task-Kidney-fake-image-30-3_tiles_per_image.png,fake,Kidney,1VsYzUJ5tE_guvzXQKmp8t0vCFyW2L5jN,467751,https://drive.google.com/file/d/1VsYzUJ5tE_guvzXQKmp8t0vCFyW2L5jN/view?usp=drivesdk
145,first,first_task-Pancreas-real-image-9-3_tiles_per_image.png,real,Pancreas,1cIb907EWh86zgOBCL6oPfSU3YO9Zyr94,485052,https://drive.google.com/file/d/1cIb907EWh86zgOBCL6oPfSU3YO9Zyr94/view?usp=drivesdk
148,first,first_task-Kidney-real-image-15-3_tiles_per_image.png,real,Kidney,1k3mf70-FJ6M76XdxrUzkRDJLRD332mRd,481726,https://drive.google.com/file/d/1k3mf70-FJ6M76XdxrUzkRDJLRD332mRd/view?usp=drivesdk
149,first,first_task-Lung-fake-image-3-3_tiles_per_image.png,fake,Lung,1kDxICG7o9ALc1apF2CNx4YhNtYHbybKf,455057,https://drive.google.com/file/d/1kDxICG7o9ALc1apF2CNx4YhNtYHbybKf/view?usp=drivesdk
153,first,first_task-Lung-real-image-12-3_tiles_per_image.png,real,Lung,1wcP6_3wfAxcooXPwYIW9ppwnztLQaA8D,427287,https://drive.google.com/file/d/1wcP6_3wfAxcooXPwYIW9ppwnztLQaA8D/view?usp=drivesdk
155,first,first_task-Kidney-real-image-27-3_tiles_per_image.png,real,Kidney,1zhY_a4TW8xSW1p0iO9iYl0z4BSJzZTtw,464926,https://drive.google.com/file/d/1zhY_a4TW8xSW1p0iO9iYl0z4BSJzZTtw/view?usp=drivesdk
156,first,first_task-Brain-fake-image-3-3_tiles_per_image.png,fake,Brain,19Te3PpVScWKtq1TovM1yTXKtxF8bhtf9,404820,https://drive.google.com/file/d/19Te3PpVScWKtq1TovM1yTXKtxF8bhtf9/view?usp=drivesdk
160,first,first_task-Lung-fake-image-12-3_tiles_per_image.png,fake,Lung,1mZNTJIp9vEyto_L7e_djTX6RMNCIKUiC,393628,https://drive.google.com/file/d/1mZNTJIp9vEyto_L7e_djTX6RMNCIKUiC/view?usp=drivesdk
161,first,first_task-Pancreas-fake-image-18-3_tiles_per_image.png,fake,Pancreas,1sN244o1EEY9mQH2SIVdX0bGzR7ZbYzlc,471480,https://drive.google.com/file/d/1sN244o1EEY9mQH2SIVdX0bGzR7ZbYzlc/view?usp=drivesdk
164,first,first_task-Brain-real-image-18-3_tiles_per_image.png,real,Brain,16QRjPt0MQa41R9i1s5L2k2_SQ75v_R0W,405304,https://drive.google.com/file/d/16QRjPt0MQa41R9i1s5L2k2_SQ75v_R0W/view?usp=drivesdk
165,first,first_task-Brain-fake-image-15-3_tiles_per_image.png,fake,Brain,18tr9-WhHH3B2pKiCwscFwnH7nGWKzi_n,388427,https://drive.google.com/file/d/18tr9-WhHH3B2pKiCwscFwnH7nGWKzi_n/view?usp=drivesdk
166,first,first_task-Uterus-fake-image-27-3_tiles_per_image.png,fake,Uterus,1J_u18hjv6vZwfJikgcTGqRLjtb65RnfY,461397,https://drive.google.com/file/d/1J_u18hjv6vZwfJikgcTGqRLjtb65RnfY/view?usp=drivesdk
169,first,first_task-Lung-real-image-27-3_tiles_per_image.png,real,Lung,1YkI0nrQurvVubgOaP4o65PzBVjeBnF7R,403232,https://drive.google.com/file/d/1YkI0nrQurvVubgOaP4o65PzBVjeBnF7R/view?usp=drivesdk
170,first,first_task-Pancreas-fake-image-24-3_tiles_per_image.png,fake,Pancreas,1iqOlZTGv4tAVjgY6nfivoDDwEvvt0a2e,459793,https://drive.google.com/file/d/1iqOlZTGv4tAVjgY6nfivoDDwEvvt0a2e/view?usp=drivesdk
171,first,first_task-Pancreas-real-image-3-3_tiles_per_image.png,real,Pancreas,1piqUAc0A-NRrxmNQPb_D8oQXMN16UbTi,464002,https://drive.google.com/file/d/1piqUAc0A-NRrxmNQPb_D8oQXMN16UbTi/view?usp=drivesdk
172,first,first_task-Uterus-fake-image-6-3_tiles_per_image.png,fake,Uterus,1uBLLQHzUlKdJQTOoWdjkF_A5j9xVnTQK,432669,https://drive.google.com/file/d/1uBLLQHzUlKdJQTOoWdjkF_A5j9xVnTQK/view?usp=drivesdk
175,first,first_task-Uterus-real-image-12-3_tiles_per_image.png,real,Uterus,14xmN0PfNwE8oKFrviz88IbXTeW3mYbcN,416005,https://drive.google.com/file/d/14xmN0PfNwE8oKFrviz88IbXTeW3mYbcN/view?usp=drivesdk
176,first,first_task-Pancreas-real-image-12-3_tiles_per_image.png,real,Pancreas,17SdwYQGrQ0wx1U5u0etoH3jK7qIKQb-J,475510,https://drive.google.com/file/d/17SdwYQGrQ0wx1U5u0etoH3jK7qIKQb-J/view?usp=drivesdk
178,first,first_task-Kidney-real-image-6-3_tiles_per_image.png,real,Kidney,1aWQBaMOQFkz2boXaDDBZCSiZiY4ohFH6,409601,https://drive.google.com/file/d/1aWQBaMOQFkz2boXaDDBZCSiZiY4ohFH6/view?usp=drivesdk
182,first,first_task-Brain-fake-image-18-3_tiles_per_image.png,fake,Brain,140-UbeIYqk1CxAzK68wdRZWl5PuMydAx,384545,https://drive.google.com/file/d/140-UbeIYqk1CxAzK68wdRZWl5PuMydAx/view?usp=drivesdk
183,first,first_task-Brain-fake-image-24-3_tiles_per_image.png,fake,Brain,1DB5RckD91Kdd6oitEkZUYf0DPvEbdC7P,393602,https://drive.google.com/file/d/1DB5RckD91Kdd6oitEkZUYf0DPvEbdC7P/view?usp=drivesdk
189,first,first_task-Pancreas-real-image-6-3_tiles_per_image.png,real,Pancreas,16QudVz4AE-QjUIe8c_Agc9s9mTk9b4qB,453775,https://drive.google.com/file/d/16QudVz4AE-QjUIe8c_Agc9s9mTk9b4qB/view?usp=drivesdk
190,first,first_task-Kidney-fake-image-18-3_tiles_per_image.png,fake,Kidney,1HHYEv8GeT48ks9gcoAwnikVSyXSiPvgY,477836,https://drive.google.com/file/d/1HHYEv8GeT48ks9gcoAwnikVSyXSiPvgY/view?usp=drivesdk
193,first,first_task-Uterus-real-image-6-3_tiles_per_image.png,real,Uterus,1xt9PBvHpgut9SE7FGVPN-KD7DRzLCnse,487193,https://drive.google.com/file/d/1xt9PBvHpgut9SE7FGVPN-KD7DRzLCnse/view?usp=drivesdk
194,first,first_task-Uterus-fake-image-3-3_tiles_per_image.png,fake,Uterus,1-10o7TtRGmVW2Kj2SzyDC4xc2c53GzpR,475860,https://drive.google.com/file/d/1-10o7TtRGmVW2Kj2SzyDC4xc2c53GzpR/view?usp=drivesdk
195,first,first_task-Pancreas-fake-image-27-3_tiles_per_image.png,fake,Pancreas,1559Ha7BoACakTTIEQ9PgTgrRkfEMpMEW,481004,https://drive.google.com/file/d/1559Ha7BoACakTTIEQ9PgTgrRkfEMpMEW/view?usp=drivesdk
197,first,first_task-Lung-fake-image-9-3_tiles_per_image.png,fake,Lung,1NY-7zst_lqi-FweruGIh62ee75PA5qL1,478696,https://drive.google.com/file/d/1NY-7zst_lqi-FweruGIh62ee75PA5qL1/view?usp=drivesdk
2,second,Kidney_tile_73_level1_29077-7804-31125-9852-level-1-tilesize-512-slidename-GTEX-1C6WA-1826-tissuetype-Kidney.png,real,Kidney,13HmIt_Tm-ny3ELK80XlX2Jutw6XlNO12,174672,https://drive.google.com/file/d/13HmIt_Tm-ny3ELK80XlX2Jutw6XlNO12/view?usp=drivesdk
3,second,Uterus_tile_22_level1_40990-28972-43038-31020-level-1-tilesize-512-slidename-GTEX-1GF9U-1826-tissuetype-Uterus_Endometrium.png,real,Uterus,18tlornZ7zQn6kbKNijLmXIfjTMSWHB3_,185411,https://drive.google.com/file/d/18tlornZ7zQn6kbKNijLmXIfjTMSWHB3_/view?usp=drivesdk
5,second,Lung_tile_54_level1_8648-13588-10696-15636-level-1-tilesize-512-slidename-GTEX-XQ8I-1126-tissuetype-Lung.png,real,Lung,1Gpz3cXdiD9kCAm24VSO-1AEnX1LKCHJ9,123364,https://drive.google.com/file/d/1Gpz3cXdiD9kCAm24VSO-1AEnX1LKCHJ9/view?usp=drivesdk
7,second,Brain_tile_171_level1_52602-26933-54650-28982-level-1-tilesize-512-slidename-GTEX-13NZA-2926-tissuetype-Brain.png,real,Brain,1R_WWbVraq1jjbwywfh1Fx0hTomu-xIxw,160750,https://drive.google.com/file/d/1R_WWbVraq1jjbwywfh1Fx0hTomu-xIxw/view?usp=drivesdk
9,second,Lung_trueEma_sample_model-215_ema_sampling-steps250_2586.png,fake,Lung,1kCmBBNqDOw4c2tRGqDpEmwhl7Nh6ZLlE,97306,https://drive.google.com/file/d/1kCmBBNqDOw4c2tRGqDpEmwhl7Nh6ZLlE/view?usp=drivesdk
10,second,Pancreas_tile_60_level1_36246-10444-38294-12492-level-1-tilesize-512-slidename-GTEX-1H3O1-1026-tissuetype-Pancreas.png,real,Pancreas,1lyW6uoe4CD7QTigmrZyVa9EPWv5lb8Pj,110991,https://drive.google.com/file/d/1lyW6uoe4CD7QTigmrZyVa9EPWv5lb8Pj/view?usp=drivesdk
11,second,Brain_trueEma_sample_model-215_ema_sampling-steps250_2265.png,fake,Brain,1nqLqOrvHFOCnwxZD-8j-njZsqPB1TmL_,130840,https://drive.google.com/file/d/1nqLqOrvHFOCnwxZD-8j-njZsqPB1TmL_/view?usp=drivesdk
14,second,Brain_tile_46_level1_11296-19689-13344-21737-level-1-tilesize-512-slidename-GTEX-145MF-2726-tissuetype-Brain.png,real,Brain,1UwzKz6vEfLAC_6_bAOg_fQXkFA6Ti5X6,162450,https://drive.google.com/file/d/1UwzKz6vEfLAC_6_bAOg_fQXkFA6Ti5X6/view?usp=drivesdk
15,second,Brain_tile_20_level1_4952-6496-7000-8544-level-1-tilesize-512-slidename-GTEX-ZXG5-2926-tissuetype-Brain.png,real,Brain,1aoYcZ0bMfcgAa-IDStzJfrEGE_eVBGpP,163028,https://drive.google.com/file/d/1aoYcZ0bMfcgAa-IDStzJfrEGE_eVBGpP/view?usp=drivesdk
18,second,Brain_trueEma_sample_model-215_ema_sampling-steps250_117.png,fake,Brain,1wWJBmS1lwGWrAmhJxrpzrJvTXoYNvAV1,135633,https://drive.google.com/file/d/1wWJBmS1lwGWrAmhJxrpzrJvTXoYNvAV1/view?usp=drivesdk
19,second,Pancreas_trueEma_sample_model-215_ema_sampling-steps250_706.png,fake,Pancreas,19EmhE8BETqQHMnEx6InVS_YltbnplV6B,166647,https://drive.google.com/file/d/19EmhE8BETqQHMnEx6InVS_YltbnplV6B/view?usp=drivesdk
20,second,Uterus_trueEma_sample_model-215_ema_sampling-steps250_2945.png,fake,Uterus,19vqaawh3l1iSgI_uPB5L530pLIvC0rfE,156764,https://drive.google.com/file/d/19vqaawh3l1iSgI_uPB5L530pLIvC0rfE/view?usp=drivesdk
21,second,Brain_tile_27_level1_30310-23669-32358-25717-level-1-tilesize-512-slidename-GTEX-1I1CD-3026-tissuetype-Brain.png,real,Brain,1NXPafK2d_s_gi8iZWzvSgG09keqBJdMM,152252,https://drive.google.com/file/d/1NXPafK2d_s_gi8iZWzvSgG09keqBJdMM/view?usp=drivesdk
23,second,Kidney_tile_4_level1_34078-28538-36126-30586-level-1-tilesize-512-slidename-GTEX-1H1ZS-2026-tissuetype-Kidney.png,real,Kidney,1f2QDS8Wqtl-oA2NrprBfK_h1csoWLshA,189009,https://drive.google.com/file/d/1f2QDS8Wqtl-oA2NrprBfK_h1csoWLshA/view?usp=drivesdk
27,second,Uterus_trueEma_sample_model-215_ema_sampling-steps250_413.png,fake,Uterus,1IQV0vhrRtE-sOm8LAey6U40HcVF8MOko,156545,https://drive.google.com/file/d/1IQV0vhrRtE-sOm8LAey6U40HcVF8MOko/view?usp=drivesdk
28,second,Pancreas_tile_200_level1_40962-22528-43010-24576-level-1-tilesize-512-slidename-GTEX-O5YT-1026-tissuetype-Pancreas.png,real,Pancreas,1M8e8k3K7340qzNjaP9kY22htwvatwXHP,149570,https://drive.google.com/file/d/1M8e8k3K7340qzNjaP9kY22htwvatwXHP/view?usp=drivesdk
32,second,Kidney_trueEma_sample_model-215_ema_sampling-steps250_786.png,fake,Kidney,1fGz66nr9YQSwUO0hrqKOGfmFlY71_Wff,157739,https://drive.google.com/file/d/1fGz66nr9YQSwUO0hrqKOGfmFlY71_Wff/view?usp=drivesdk
37,second,Kidney_tile_29_level1_36066-12296-38114-14344-level-1-tilesize-512-slidename-GTEX-1F6RS-2226-tissuetype-Kidney.png,real,Kidney,1KYSBRClUveJUdiqjGRt4VJBn5eKUtdFb,186317,https://drive.google.com/file/d/1KYSBRClUveJUdiqjGRt4VJBn5eKUtdFb/view?usp=drivesdk
38,second,Pancreas_trueEma_sample_model-215_ema_sampling-steps250_352.png,fake,Pancreas,1Mu4la3FhFDLYJtYSU7_MCJZJp4XURmql,170086,https://drive.google.com/file/d/1Mu4la3FhFDLYJtYSU7_MCJZJp4XURmql/view?usp=drivesdk
44,second,Kidney_tile_117_level1_19556-31728-21604-33776-level-1-tilesize-512-slidename-GTEX-1HCVE-2126-tissuetype-Kidney.png,real,Kidney,1Y1DKbb7OBgcQmJK-fw0nzH13l17silar,143954,https://drive.google.com/file/d/1Y1DKbb7OBgcQmJK-fw0nzH13l17silar/view?usp=drivesdk
45,second,Lung_trueEma_sample_model-215_ema_sampling-steps250_1634.png,fake,Lung,1lyiHJmTJm1-FWFIFw83mAbj2n7tWR1Fa,158602,https://drive.google.com/file/d/1lyiHJmTJm1-FWFIFw83mAbj2n7tWR1Fa/view?usp=drivesdk
47,second,Brain_tile_91_level1_8744-4548-10792-6596-level-1-tilesize-512-slidename-GTEX-1H1CY-2926-tissuetype-Brain.png,real,Brain,1FQvPZr2Bd0mrNnErA-rwaGD-RSxqFdhN,134980,https://drive.google.com/file/d/1FQvPZr2Bd0mrNnErA-rwaGD-RSxqFdhN/view?usp=drivesdk
50,second,Pancreas_trueEma_sample_model-215_ema_sampling-steps250_660.png,fake,Pancreas,1xhM6jOZf0u8kEG-ejyB2e2Kb8xLQJOnb,158217,https://drive.google.com/file/d/1xhM6jOZf0u8kEG-ejyB2e2Kb8xLQJOnb/view?usp=drivesdk
53,second,Brain_tile_41_level1_6496-12240-8544-14288-level-1-tilesize-512-slidename-GTEX-11GSP-3226-tissuetype-Brain.png,real,Brain,1ch_lknCFeooAaocLzAbbhLpmV4-WF3pe,161330,https://drive.google.com/file/d/1ch_lknCFeooAaocLzAbbhLpmV4-WF3pe/view?usp=drivesdk
56,second,Pancreas_trueEma_sample_model-215_ema_sampling-steps250_551.png,fake,Pancreas,1MsoolOlKTek0Q7A43PyKvUraATWgExNl,169526,https://drive.google.com/file/d/1MsoolOlKTek0Q7A43PyKvUraATWgExNl/view?usp=drivesdk
57,second,Brain_tile_2_level1_45182-10512-47230-12560-level-1-tilesize-512-slidename-GTEX-1HSKV-3026-tissuetype-Brain.png,real,Brain,1VCou8BU1XXcUo3hU9wX-q4I6nzpBgkH3,164682,https://drive.google.com/file/d/1VCou8BU1XXcUo3hU9wX-q4I6nzpBgkH3/view?usp=drivesdk
61,second,Kidney_trueEma_sample_model-215_ema_sampling-steps250_871.png,fake,Kidney,17OtFEMl9Qprp59Df1Q9KB0DjAgzi9ZTM,159305,https://drive.google.com/file/d/17OtFEMl9Qprp59Df1Q9KB0DjAgzi9ZTM/view?usp=drivesdk
67,second,Lung_tile_31_level1_4348-10696-6396-12744-level-1-tilesize-512-slidename-GTEX-T8EM-0326-tissuetype-Lung.png,real,Lung,1x5iFz7voJ__uj8Uer1uZd3epzGA6eBaP,162736,https://drive.google.com/file/d/1x5iFz7voJ__uj8Uer1uZd3epzGA6eBaP/view?usp=drivesdk
68,second,Pancreas_tile_24_level1_32402-8144-34450-10192-level-1-tilesize-512-slidename-GTEX-TSE9-1626-tissuetype-Pancreas.png,real,Pancreas,19RcioT5Orvn7_P9Lj0G3hKmu8ZV9E7cP,180747,https://drive.google.com/file/d/19RcioT5Orvn7_P9Lj0G3hKmu8ZV9E7cP/view?usp=drivesdk
69,second,Kidney_trueEma_sample_model-215_ema_sampling-steps250_2876.png,fake,Kidney,1KFwjpsdPtFbZc-LoCbEAUiSXoGFd4TxB,156668,https://drive.google.com/file/d/1KFwjpsdPtFbZc-LoCbEAUiSXoGFd4TxB/view?usp=drivesdk
70,second,Uterus_trueEma_sample_model-215_ema_sampling-steps250_1122.png,fake,Uterus,1TZp2Ifkeepwp80fzc1xC4cray5UqrqeU,150735,https://drive.google.com/file/d/1TZp2Ifkeepwp80fzc1xC4cray5UqrqeU/view?usp=drivesdk
71,second,Brain_tile_74_level1_35250-2400-37298-4448-level-1-tilesize-512-slidename-GTEX-1GZ2Q-3226-tissuetype-Brain.png,real,Brain,1_CTjfVJHi_B6Hl2uCab8qTcqQnMlzhNH,115182,https://drive.google.com/file/d/1_CTjfVJHi_B6Hl2uCab8qTcqQnMlzhNH/view?usp=drivesdk
72,second,Uterus_trueEma_sample_model-215_ema_sampling-steps250_59.png,fake,Uterus,1fQPcJz-CcYsus8485OGOTg5Mh174rfs2,132383,https://drive.google.com/file/d/1fQPcJz-CcYsus8485OGOTg5Mh174rfs2/view?usp=drivesdk
73,second,Brain_tile_6_level1_25357-21628-27405-23676-level-1-tilesize-512-slidename-GTEX-1I1GS-3026-tissuetype-Brain.png,real,Brain,1srWdQRsNvZBX6VZcNpSIwYcsgeBBuQW9,172756,https://drive.google.com/file/d/1srWdQRsNvZBX6VZcNpSIwYcsgeBBuQW9/view?usp=drivesdk
74,second,Lung_trueEma_sample_model-215_ema_sampling-steps250_709.png,fake,Lung,1G8CszaZ4N03tY-DnMS2jpBrVLISpqgza,135159,https://drive.google.com/file/d/1G8CszaZ4N03tY-DnMS2jpBrVLISpqgza/view?usp=drivesdk
75,second,Kidney_tile_239_level1_59542-13540-61590-15589-level-1-tilesize-512-slidename-GTEX-1IKJJ-1926-tissuetype-Kidney.png,real,Kidney,1JxshIfpTCtwIvptyJ0yi2hkHjAhIk5s-,134959,https://drive.google.com/file/d/1JxshIfpTCtwIvptyJ0yi2hkHjAhIk5s-/view?usp=drivesdk
76,second,Pancreas_tile_26_level1_37898-26198-39946-28246-level-1-tilesize-512-slidename-GTEX-1HFI6-1626-tissuetype-Pancreas.png,real,Pancreas,1Wa6FFSzbaqIM7gUdhXIyrjeGnPyCwrJB,195172,https://drive.google.com/file/d/1Wa6FFSzbaqIM7gUdhXIyrjeGnPyCwrJB/view?usp=drivesdk
79,second,Uterus_tile_46_level1_29006-9992-31054-12040-level-1-tilesize-512-slidename-GTEX-11ZVC-1526-tissuetype-Uterus_Endometrium.png,real,Uterus,1QmG_B8VH6tZkWU5Q3WtHswCmTTCJerVg,165637,https://drive.google.com/file/d/1QmG_B8VH6tZkWU5Q3WtHswCmTTCJerVg/view?usp=drivesdk
80,second,Lung_trueEma_sample_model-215_ema_sampling-steps250_894.png,fake,Lung,1UrVR4DaLvfauph9fYC9VETZSWGx7HoXJ,108210,https://drive.google.com/file/d/1UrVR4DaLvfauph9fYC9VETZSWGx7HoXJ/view?usp=drivesdk
83,second,Lung_trueEma_sample_model-215_ema_sampling-steps250_1674.png,fake,Lung,1hSSldDY0hmraxXauZx1iS9-wpqh9Ktjk,155454,https://drive.google.com/file/d/1hSSldDY0hmraxXauZx1iS9-wpqh9Ktjk/view?usp=drivesdk
86,second,Kidney_trueEma_sample_model-215_ema_sampling-steps250_2045.png,fake,Kidney,1HcQrclTKey2lA_H5XUnPALf1E90a_AVt,131532,https://drive.google.com/file/d/1HcQrclTKey2lA_H5XUnPALf1E90a_AVt/view?usp=drivesdk
87,second,Brain_trueEma_sample_model-215_ema_sampling-steps250_53.png,fake,Brain,1Ysw-qM6ofwiyhT4P_KpWGL_6hSdRq4c3,131105,https://drive.google.com/file/d/1Ysw-qM6ofwiyhT4P_KpWGL_6hSdRq4c3/view?usp=drivesdk
88,second,Kidney_tile_21_level1_15700-26324-17748-28372-level-1-tilesize-512-slidename-GTEX-14PJO-2126-tissuetype-Kidney.png,real,Kidney,1o8k8GVFztz_CzHec7BIJo73iqCbSCJKd,185908,https://drive.google.com/file/d/1o8k8GVFztz_CzHec7BIJo73iqCbSCJKd/view?usp=drivesdk
89,second,Uterus_trueEma_sample_model-215_ema_sampling-steps250_411.png,fake,Uterus,1xpz2jEgvmsa9GKoOREk6SohmLKwtsk-b,149946,https://drive.google.com/file/d/1xpz2jEgvmsa9GKoOREk6SohmLKwtsk-b/view?usp=drivesdk
91,second,Brain_trueEma_sample_model-215_ema_sampling-steps250_1605.png,fake,Brain,1BLtORV_fYop7Wtcqz7pMRNl2rV-1Boia,139038,https://drive.google.com/file/d/1BLtORV_fYop7Wtcqz7pMRNl2rV-1Boia/view?usp=drivesdk
92,second,Brain_trueEma_sample_model-215_ema_sampling-steps250_111.png,fake,Brain,1DVCWDPe29VCgeZW7ML_KEDML1sS7oJZt,118401,https://drive.google.com/file/d/1DVCWDPe29VCgeZW7ML_KEDML1sS7oJZt/view?usp=drivesdk
95,second,Lung_tile_7_level1_34794-10648-36842-12696-level-1-tilesize-512-slidename-GTEX-1313W-0926-tissuetype-Lung.png,real,Lung,1rXf-Uy2O4ba2j8WyCNQtB0bJxgPDRtiD,186017,https://drive.google.com/file/d/1rXf-Uy2O4ba2j8WyCNQtB0bJxgPDRtiD/view?usp=drivesdk
100,second,Lung_trueEma_sample_model-215_ema_sampling-steps250_2709.png,fake,Lung,1_knMpTehiHREYD7b7VUTMPrenK3IFe8h,137996,https://drive.google.com/file/d/1_knMpTehiHREYD7b7VUTMPrenK3IFe8h/view?usp=drivesdk
101,second,Pancreas_trueEma_sample_model-215_ema_sampling-steps250_2877.png,fake,Pancreas,1-YUWg1DM-zIAeMHd9a50uoOxdAG-ORDu,166419,https://drive.google.com/file/d/1-YUWg1DM-zIAeMHd9a50uoOxdAG-ORDu/view?usp=drivesdk
103,second,Pancreas_trueEma_sample_model-215_ema_sampling-steps250_1488.png,fake,Pancreas,11i1CQWPnl4IxwXkniOpkK0_mMG-3SmfZ,145638,https://drive.google.com/file/d/11i1CQWPnl4IxwXkniOpkK0_mMG-3SmfZ/view?usp=drivesdk
104,second,Lung_tile_18_level1_29785-5696-31833-7744-level-1-tilesize-512-slidename-GTEX-14E6E-0426-tissuetype-Lung.png,real,Lung,121ztTpAwj-AsdCVfphsJsvk-On8ew9_r,178256,https://drive.google.com/file/d/121ztTpAwj-AsdCVfphsJsvk-On8ew9_r/view?usp=drivesdk
105,second,Pancreas_trueEma_sample_model-215_ema_sampling-steps250_466.png,fake,Pancreas,16_neVFDCue-ENR0tAjx9DlW3uoVdAyqW,161722,https://drive.google.com/file/d/16_neVFDCue-ENR0tAjx9DlW3uoVdAyqW/view?usp=drivesdk
107,second,Kidney_tile_20_level1_29726-8048-31774-10096-level-1-tilesize-512-slidename-GTEX-1117F-1926-tissuetype-Kidney.png,real,Kidney,1DwE6tZoLvQfEovOuo6mqtnNAKThunESn,188992,https://drive.google.com/file/d/1DwE6tZoLvQfEovOuo6mqtnNAKThunESn/view?usp=drivesdk
109,second,Kidney_tile_48_level1_41086-16113-43134-18161-level-1-tilesize-512-slidename-GTEX-SN8G-1926-tissuetype-Kidney.png,real,Kidney,1JV2h03OvqzsZeUZTYenkvv7LXCs5ER5j,185832,https://drive.google.com/file/d/1JV2h03OvqzsZeUZTYenkvv7LXCs5ER5j/view?usp=drivesdk
110,second,Uterus_tile_24_level1_44645-16088-46693-18136-level-1-tilesize-512-slidename-GTEX-1AMFI-1626-tissuetype-Uterus_Endometrium.png,real,Uterus,1JlbwqLvuqYjy8IEk9gWAHKtAlkBKLKZs,183934,https://drive.google.com/file/d/1JlbwqLvuqYjy8IEk9gWAHKtAlkBKLKZs/view?usp=drivesdk
116,second,Brain_trueEma_sample_model-215_ema_sampling-steps250_1259.png,fake,Brain,1TZmS4SlDj27jl-ewj4whU30WIcT3nr-V,131526,https://drive.google.com/file/d/1TZmS4SlDj27jl-ewj4whU30WIcT3nr-V/view?usp=drivesdk
118,second,Pancreas_tile_64_level1_39238-11068-41286-13116-level-1-tilesize-512-slidename-GTEX-1QP28-1026-tissuetype-Pancreas.png,real,Pancreas,1f_rKxxf_cRGSTX9L3Ld-8QrxA0sBfshg,154863,https://drive.google.com/file/d/1f_rKxxf_cRGSTX9L3Ld-8QrxA0sBfshg/view?usp=drivesdk
119,second,Lung_tile_9_level1_24818-16668-26866-18716-level-1-tilesize-512-slidename-GTEX-T2IS-0526-tissuetype-Lung.png,real,Lung,1gcEWro-9sg57HDvVALEE-yHoyl8ZR58Q,139920,https://drive.google.com/file/d/1gcEWro-9sg57HDvVALEE-yHoyl8ZR58Q/view?usp=drivesdk
120,second,Pancreas_tile_55_level1_16737-25196-18785-27244-level-1-tilesize-512-slidename-GTEX-11DYG-2426-tissuetype-Pancreas.png,real,Pancreas,1iDZgysCxiGgpt2mEghonAb0mt17Glslg,187745,https://drive.google.com/file/d/1iDZgysCxiGgpt2mEghonAb0mt17Glslg/view?usp=drivesdk
123,second,Lung_trueEma_sample_model-215_ema_sampling-steps250_270.png,fake,Lung,1lgZo3NveMT7pMthOnoWOT5DOS4zpkcR1,163708,https://drive.google.com/file/d/1lgZo3NveMT7pMthOnoWOT5DOS4zpkcR1/view?usp=drivesdk
125,second,Uterus_trueEma_sample_model-215_ema_sampling-steps250_2139.png,fake,Uterus,1piwHiqD5ZdSgkk0QWab9FOFaBclp3Ho3,125599,https://drive.google.com/file/d/1piwHiqD5ZdSgkk0QWab9FOFaBclp3Ho3/view?usp=drivesdk
126,second,Pancreas_tile_15_level1_10796-16616-12844-18664-level-1-tilesize-512-slidename-GTEX-WWYW-2026-tissuetype-Pancreas.png,real,Pancreas,1utJ5lwzoLeWMy4KsK5GmPLh7m55OcZoJ,197252,https://drive.google.com/file/d/1utJ5lwzoLeWMy4KsK5GmPLh7m55OcZoJ/view?usp=drivesdk
127,second,Uterus_tile_128_level1_44005-12092-46054-14140-level-1-tilesize-512-slidename-GTEX-ZP4G-0726-tissuetype-Uterus_Endometrium.png,real,Uterus,1wmgKUzGy8S01f7o2CCQUJrAl-fLm1fJf,125920,https://drive.google.com/file/d/1wmgKUzGy8S01f7o2CCQUJrAl-fLm1fJf/view?usp=drivesdk
133,second,Brain_tile_92_level1_12944-4652-14992-6700-level-1-tilesize-512-slidename-GTEX-1J8JJ-2826-tissuetype-Brain.png,real,Brain,19zy3VO-MNAo1hje6iNqqsGhBPgH9xXCk,133099,https://drive.google.com/file/d/19zy3VO-MNAo1hje6iNqqsGhBPgH9xXCk/view?usp=drivesdk
134,second,Uterus_tile_75_level1_38446-7204-40494-9253-level-1-tilesize-512-slidename-GTEX-19HZE-2426-tissuetype-Uterus_Endometrium.png,real,Uterus,1IOHq2mBPi0_Rb54RO5e_4a4phK0ya2Uf,118815,https://drive.google.com/file/d/1IOHq2mBPi0_Rb54RO5e_4a4phK0ya2Uf/view?usp=drivesdk
136,second,Pancreas_trueEma_sample_model-215_ema_sampling-steps250_1778.png,fake,Pancreas,1KW3b7wSU3GzwDZcd3Ifb3t2WIB1fA3NH,155282,https://drive.google.com/file/d/1KW3b7wSU3GzwDZcd3Ifb3t2WIB1fA3NH/view?usp=drivesdk
137,second,Kidney_trueEma_sample_model-215_ema_sampling-steps250_2474.png,fake,Kidney,1Ky85HfFNA8kJutHDupKpn43ep3uZCCI-,164855,https://drive.google.com/file/d/1Ky85HfFNA8kJutHDupKpn43ep3uZCCI-/view?usp=drivesdk
138,second,Lung_trueEma_sample_model-215_ema_sampling-steps250_2041.png,fake,Lung,1Ps-7_feeCBtFSJR_OSiw2RWnjHYVNnqY,147565,https://drive.google.com/file/d/1Ps-7_feeCBtFSJR_OSiw2RWnjHYVNnqY/view?usp=drivesdk
139,second,Uterus_tile_112_level1_32241-19088-34289-21136-level-1-tilesize-512-slidename-GTEX-PWN1-2026-tissuetype-Uterus_Endometrium.png,real,Uterus,1Qp5yXXjMnKe2BT6LfxKckTJLmcYiJgGC,127745,https://drive.google.com/file/d/1Qp5yXXjMnKe2BT6LfxKckTJLmcYiJgGC/view?usp=drivesdk
144,second,Pancreas_trueEma_sample_model-215_ema_sampling-steps250_2653.png,fake,Pancreas,1a4Fre6CskSxHrQy6c-2z6vExWkRXzomA,159476,https://drive.google.com/file/d/1a4Fre6CskSxHrQy6c-2z6vExWkRXzomA/view?usp=drivesdk
146,second,Brain_trueEma_sample_model-215_ema_sampling-steps250_685.png,fake,Brain,1cWHHTh8h7S8hzxA_QGMEdOuMVOzcArWo,128994,https://drive.google.com/file/d/1cWHHTh8h7S8hzxA_QGMEdOuMVOzcArWo/view?usp=drivesdk
147,second,Pancreas_trueEma_sample_model-215_ema_sampling-steps250_2419.png,fake,Pancreas,1jbbFs-vrxpdc0Voqhk_jF8a22YG5tdeA,162064,https://drive.google.com/file/d/1jbbFs-vrxpdc0Voqhk_jF8a22YG5tdeA/view?usp=drivesdk
150,second,Uterus_trueEma_sample_model-215_ema_sampling-steps250_2526.png,fake,Uterus,1s9aoUSvfhDzH942lUe-A0HZUXiS6XYQd,157716,https://drive.google.com/file/d/1s9aoUSvfhDzH942lUe-A0HZUXiS6XYQd/view?usp=drivesdk
151,second,Pancreas_tile_8_level1_12796-13741-14844-15789-level-1-tilesize-512-slidename-GTEX-18465-1926-tissuetype-Pancreas.png,real,Pancreas,1wODShCEFdhbH2CHhBN9YmF-8BfZgPUm6,200225,https://drive.google.com/file/d/1wODShCEFdhbH2CHhBN9YmF-8BfZgPUm6/view?usp=drivesdk
152,second,Lung_tile_34_level1_20333-11944-22381-13992-level-1-tilesize-512-slidename-GTEX-14BIM-0726-tissuetype-Lung.png,real,Lung,1wVI5NBLb5ltXubFx0zESQfjlITASmk-7,183519,https://drive.google.com/file/d/1wVI5NBLb5ltXubFx0zESQfjlITASmk-7/view?usp=drivesdk
154,second,Uterus_tile_52_level1_42490-8348-44538-10396-level-1-tilesize-512-slidename-GTEX-13FTX-1026-tissuetype-Uterus_Endometrium.png,real,Uterus,1zNgDv3wwWWvM5ofy8LJfopKPQzKePDt_,127257,https://drive.google.com/file/d/1zNgDv3wwWWvM5ofy8LJfopKPQzKePDt_/view?usp=drivesdk
157,second,Lung_tile_3_level1_19334-10641-21382-12689-level-1-tilesize-512-slidename-GTEX-NFK9-1026-tissuetype-Lung.png,real,Lung,1UFWxWXnWokq1Rbk-Py5fZ-xr0vlo2Wzd,176590,https://drive.google.com/file/d/1UFWxWXnWokq1Rbk-Py5fZ-xr0vlo2Wzd/view?usp=drivesdk
158,second,Lung_tile_68_level1_28045-25357-30093-27405-level-1-tilesize-512-slidename-GTEX-117XS-0326-tissuetype-Lung.png,real,Lung,1cD2946LrF3opjpVvmqI5EJKxE_56v4mm,143685,https://drive.google.com/file/d/1cD2946LrF3opjpVvmqI5EJKxE_56v4mm/view?usp=drivesdk
159,second,Brain_trueEma_sample_model-215_ema_sampling-steps250_2964.png,fake,Brain,1dRNXJExVqJDbNMa6mgAyrKgHDTJR3Qye,137295,https://drive.google.com/file/d/1dRNXJExVqJDbNMa6mgAyrKgHDTJR3Qye/view?usp=drivesdk
162,second,Lung_tile_89_level1_11096-15144-13144-17193-level-1-tilesize-512-slidename-GTEX-1LH75-0226-tissuetype-Lung.png,real,Lung,1yT_wZ_4VKKkfOGR9cmtDRjxifrvlZB-B,188059,https://drive.google.com/file/d/1yT_wZ_4VKKkfOGR9cmtDRjxifrvlZB-B/view?usp=drivesdk
163,second,Uterus_trueEma_sample_model-215_ema_sampling-steps250_1977.png,fake,Uterus,13HdGauJ2yh3uFb015Xw6YoHulWrN3gZD,151735,https://drive.google.com/file/d/13HdGauJ2yh3uFb015Xw6YoHulWrN3gZD/view?usp=drivesdk
167,second,Uterus_tile_19_level1_27149-14288-29197-16336-level-1-tilesize-512-slidename-GTEX-1B97J-0226-tissuetype-Uterus_Endometrium.png,real,Uterus,1AHJ0fcKgkLtBq-ASWawiqFvsp4fG1PSW,181051,https://drive.google.com/file/d/1AHJ0fcKgkLtBq-ASWawiqFvsp4fG1PSW/view?usp=drivesdk
168,second,Uterus_trueEma_sample_model-215_ema_sampling-steps250_1655.png,fake,Uterus,1JwfR7bG8luJymP6qoRmCYUGsnUChpZbD,147456,https://drive.google.com/file/d/1JwfR7bG8luJymP6qoRmCYUGsnUChpZbD/view?usp=drivesdk
173,second,Kidney_trueEma_sample_model-215_ema_sampling-steps250_1570.png,fake,Kidney,11V3gPJupNpqY8LM7buTVboGYq5DFnOYG,155508,https://drive.google.com/file/d/11V3gPJupNpqY8LM7buTVboGYq5DFnOYG/view?usp=drivesdk
174,second,Lung_trueEma_sample_model-215_ema_sampling-steps250_2438.png,fake,Lung,13PW-89UaWaLA-h7XDO8YTBLb8hNzuSv4,159734,https://drive.google.com/file/d/13PW-89UaWaLA-h7XDO8YTBLb8hNzuSv4/view?usp=drivesdk
177,second,Pancreas_tile_37_level1_10248-14244-12296-16292-level-1-tilesize-512-slidename-GTEX-1MCC2-0926-tissuetype-Pancreas.png,real,Pancreas,1EUoB6E677p8V2HuiDYrflf0wuz5-2ntS,174153,https://drive.google.com/file/d/1EUoB6E677p8V2HuiDYrflf0wuz5-2ntS/view?usp=drivesdk
179,second,Kidney_trueEma_sample_model-215_ema_sampling-steps250_939.png,fake,Kidney,1hEZ1eQZZIByupbmdX_4RtR2dMh2TGQc7,153027,https://drive.google.com/file/d/1hEZ1eQZZIByupbmdX_4RtR2dMh2TGQc7/view?usp=drivesdk
180,second,Uterus_tile_71_level1_8292-25736-10340-27784-level-1-tilesize-512-slidename-GTEX-XMD2-2826-tissuetype-Uterus_Endometrium.png,real,Uterus,1kmhCATBQ1oG6-SO0aI_rtTnGBl3N_Eak,176450,https://drive.google.com/file/d/1kmhCATBQ1oG6-SO0aI_rtTnGBl3N_Eak/view?usp=drivesdk
181,second,Uterus_trueEma_sample_model-215_ema_sampling-steps250_1405.png,fake,Uterus,1swNSzofTlL3iJGHDTbguAPHc9d9Lf53r,146407,https://drive.google.com/file/d/1swNSzofTlL3iJGHDTbguAPHc9d9Lf53r/view?usp=drivesdk
184,second,Kidney_trueEma_sample_model-215_ema_sampling-steps250_1553.png,fake,Kidney,1Fbt86aJhXA7NQMJuN7Q3XNsCWkAKx6fj,154192,https://drive.google.com/file/d/1Fbt86aJhXA7NQMJuN7Q3XNsCWkAKx6fj/view?usp=drivesdk
185,second,Uterus_tile_56_level1_22041-19888-24089-21936-level-1-tilesize-512-slidename-GTEX-XV7Q-1526-tissuetype-Uterus_Endometrium.png,real,Uterus,1SY3oyiHkHXXH7omPCWwrqR8gDy_CYywA,183912,https://drive.google.com/file/d/1SY3oyiHkHXXH7omPCWwrqR8gDy_CYywA/view?usp=drivesdk
186,second,Kidney_tile_32_level1_8644-17340-10692-19388-level-1-tilesize-512-slidename-GTEX-PLZ4-1926-tissuetype-Kidney.png,real,Kidney,1ff9Yt-Vc8-L-b_t6mGnB55h5Zei-QnRR,190698,https://drive.google.com/file/d/1ff9Yt-Vc8-L-b_t6mGnB55h5Zei-QnRR/view?usp=drivesdk
187,second,Pancreas_tile_89_level1_8600-23785-10648-25833-level-1-tilesize-512-slidename-GTEX-1JMPZ-1026-tissuetype-Pancreas.png,real,Pancreas,1tAR868V5OSW5EJWpEtDvceagqUpchu6d,200159,https://drive.google.com/file/d/1tAR868V5OSW5EJWpEtDvceagqUpchu6d/view?usp=drivesdk
188,second,Brain_trueEma_sample_model-215_ema_sampling-steps250_372.png,fake,Brain,1uvV2vhLzO_ysekl2HBToVSnD7jMQkn8u,131911,https://drive.google.com/file/d/1uvV2vhLzO_ysekl2HBToVSnD7jMQkn8u/view?usp=drivesdk
191,second,Lung_tile_50_level1_18844-15597-20893-17645-level-1-tilesize-512-slidename-GTEX-1IDJV-1226-tissuetype-Lung.png,real,Lung,1lOw_M3QfgBYbesAgdJyH_aMbRvvsnuoL,171213,https://drive.google.com/file/d/1lOw_M3QfgBYbesAgdJyH_aMbRvvsnuoL/view?usp=drivesdk
192,second,Kidney_tile_64_level1_42014-12860-44062-14909-level-1-tilesize-512-slidename-GTEX-S33H-1426-tissuetype-Kidney.png,real,Kidney,1qUpk6VV-uwVRVOE8jzjTYx3qyTAPJpCe,184756,https://drive.google.com/file/d/1qUpk6VV-uwVRVOE8jzjTYx3qyTAPJpCe/view?usp=drivesdk
196,second,Kidney_trueEma_sample_model-215_ema_sampling-steps250_2393.png,fake,Kidney,15Ty7sE33RbYGIT54Q94B4LpY671SmM-8,155347,https://drive.google.com/file/d/15Ty7sE33RbYGIT54Q94B4LpY671SmM-8/view?usp=drivesdk
198,second,Brain_trueEma_sample_model-215_ema_sampling-steps250_391.png,fake,Brain,1O_K1ZuQrTBuHMaHS2kokQir3jcePy3Xg,124892,https://drive.google.com/file/d/1O_K1ZuQrTBuHMaHS2kokQir3jcePy3Xg/view?usp=drivesdk
199,second,Lung_trueEma_sample_model-215_ema_sampling-steps250_789.png,fake,Lung,1RPNhICzg55coLGqvGjtVGt-xaZw94p9Z,139808,https://drive.google.com/file/d/1RPNhICzg55coLGqvGjtVGt-xaZw94p9Z/view?usp=drivesdk
200,second,Kidney_trueEma_sample_model-215_ema_sampling-steps250_1617.png,fake,Kidney,1xyu8LqVfTgDKcCGIuM5BTa-7jxjKNmKY,148910,https://drive.google.com/file/d/1xyu8LqVfTgDKcCGIuM5BTa-7jxjKNmKY/view?usp=drivesdk